method,light_rain,moderate_rain,heavy_rain,wet_reflection,occlusion
CLRNet,66.60655125971272,83.56606283173626,86.69474727452923,70.10928961748635,69.71940424868981
CLRNet-FGM,66.36557254734537,84.14032599105838,86.37384576990267,69.82639845687515,69.4203440807437
