method,light_rain,moderate_rain,heavy_rain,wet_reflection,occlusion
CLRNet,66.60655125971272,83.56606283173626,86.69474727452923,70.10928961748635,69.71940424868981
CLRNet + Frequency Gate,66.82555247493744,82.20811790195197,86.72387682988389,70.51671732522796,69.60286201886593
CLRNet + Directional Attention,67.08794063964916,83.6825837917541,86.38132295719845,71.19758838037819,68.59749176125962
CLRNet-FGM,66.36557254734537,84.14032599105838,86.37384576990267,69.82639845687515,69.4203440807437
